,Gitter_ID_100m,Auspraegung_Code,Auspraegung_Text,Anzahl,Anzahl_q
4125327,100mN27913E44428,3,1949 - 1978,3,0
4156608,100mN27918E44429,2,1919 - 1948,3,0
4175024,100mN27921E44428,3,1949 - 1978,4,0
4175035,100mN27921E44429,1,Vor 1919,3,0
4175036,100mN27921E44429,3,1949 - 1978,4,0
4175037,100mN27921E44429,4,1979 - 1986,6,0
4175038,100mN27921E44429,6,1991 - 1995,3,0
4175039,100mN27921E44429,7,1996 - 2000,3,0
4175040,100mN27921E44429,8,2001 - 2004,3,0
4175067,100mN27921E44430,3,1949 - 1978,4,0
4175068,100mN27921E44430,6,1991 - 1995,3,0
4180648,100mN27922E44429,3,1949 - 1978,5,0
4180649,100mN27922E44429,4,1979 - 1986,3,0
4186656,100mN27923E44429,3,1949 - 1978,7,0
4192562,100mN27924E44429,1,Vor 1919,3,0
4192563,100mN27924E44429,2,1919 - 1948,3,0
4192580,100mN27924E44430,3,1949 - 1978,3,0
4209085,100mN27927E44434,3,1949 - 1978,3,0
4222665,100mN27930E44430,2,1919 - 1948,3,0
4227218,100mN27931E44431,3,1949 - 1978,5,0
4227219,100mN27931E44431,5,1987 - 1990,3,0
4231668,100mN27932E44441,3,1949 - 1978,3,0
4231669,100mN27932E44441,4,1979 - 1986,3,0
4236019,100mN27933E44434,3,1949 - 1978,5,0
4236033,100mN27933E44435,3,1949 - 1978,8,0
4236034,100mN27933E44435,4,1979 - 1986,3,0
4236035,100mN27933E44435,7,1996 - 2000,3,0
4236061,100mN27933E44436,3,1949 - 1978,5,0
4236062,100mN27933E44436,4,1979 - 1986,3,0
4236079,100mN27933E44437,3,1949 - 1978,18,0
4236113,100mN27933E44438,3,1949 - 1978,20,0
4236146,100mN27933E44439,3,1949 - 1978,19,0
4236147,100mN27933E44439,5,1987 - 1990,3,0
4236182,100mN27933E44440,3,1949 - 1978,7,0
4236183,100mN27933E44440,4,1979 - 1986,8,0
4236184,100mN27933E44440,5,1987 - 1990,5,0
4236206,100mN27933E44441,3,1949 - 1978,19,1
4236231,100mN27933E44442,3,1949 - 1978,3,0
4236232,100mN27933E44442,4,1979 - 1986,3,0
4240549,100mN27934E44432,3,1949 - 1978,8,0
4240566,100mN27934E44433,3,1949 - 1978,15,0
4240567,100mN27934E44433,4,1979 - 1986,5,0
4240568,100mN27934E44433,6,1991 - 1995,4,0
4240599,100mN27934E44434,3,1949 - 1978,16,0
4240628,100mN27934E44435,3,1949 - 1978,12,0
4240629,100mN27934E44435,5,1987 - 1990,4,0
4240630,100mN27934E44435,7,1996 - 2000,3,0
4240631,100mN27934E44435,10,2009 und später,3,0
4240663,100mN27934E44436,3,1949 - 1978,14,0
4240664,100mN27934E44436,5,1987 - 1990,3,0
4240689,100mN27934E44437,3,1949 - 1978,21,0
4240690,100mN27934E44437,4,1979 - 1986,5,0
4240721,100mN27934E44438,3,1949 - 1978,35,1
4240722,100mN27934E44438,4,1979 - 1986,9,1
4240753,100mN27934E44439,3,1949 - 1978,64,1
4240779,100mN27934E44440,3,1949 - 1978,12,0
4240780,100mN27934E44440,4,1979 - 1986,4,0
4240781,100mN27934E44440,5,1987 - 1990,3,0
4240810,100mN27934E44441,3,1949 - 1978,19,0
4240811,100mN27934E44441,4,1979 - 1986,7,0
4240842,100mN27934E44442,3,1949 - 1978,11,0
4245726,100mN27935E44431,3,1949 - 1978,7,0
4245747,100mN27935E44432,3,1949 - 1978,8,0
4245748,100mN27935E44432,4,1979 - 1986,4,0
4245749,100mN27935E44432,5,1987 - 1990,3,0
4245750,100mN27935E44432,7,1996 - 2000,4,0
4245780,100mN27935E44433,3,1949 - 1978,20,0
4245781,100mN27935E44433,6,1991 - 1995,3,0
4245811,100mN27935E44434,3,1949 - 1978,22,0
4245812,100mN27935E44434,4,1979 - 1986,3,0
4245813,100mN27935E44434,6,1991 - 1995,5,0
4245814,100mN27935E44434,7,1996 - 2000,8,0
4245815,100mN27935E44434,8,2001 - 2004,3,0
4245848,100mN27935E44435,3,1949 - 1978,16,0
4245849,100mN27935E44435,4,1979 - 1986,3,0
4245850,100mN27935E44435,7,1996 - 2000,3,0
4245881,100mN27935E44436,3,1949 - 1978,7,0
4245882,100mN27935E44436,7,1996 - 2000,3,0
4245883,100mN27935E44436,8,2001 - 2004,3,0
4245884,100mN27935E44436,9,2005 - 2008,3,0
4245907,100mN27935E44437,3,1949 - 1978,13,0
4245908,100mN27935E44437,7,1996 - 2000,4,0
4245938,100mN27935E44438,3,1949 - 1978,5,0
4245939,100mN27935E44438,5,1987 - 1990,3,0
4245965,100mN27935E44439,3,1949 - 1978,31,0
4245966,100mN27935E44439,4,1979 - 1986,5,0
4245995,100mN27935E44440,3,1949 - 1978,22,1
4245996,100mN27935E44440,4,1979 - 1986,29,1
4246031,100mN27935E44441,3,1949 - 1978,15,0
4246032,100mN27935E44441,4,1979 - 1986,34,0
4246071,100mN27935E44442,1,Vor 1919,3,0
4246072,100mN27935E44442,3,1949 - 1978,14,0
4251473,100mN27936E44431,3,1949 - 1978,11,0
4251474,100mN27936E44431,4,1979 - 1986,3,0
4251475,100mN27936E44431,7,1996 - 2000,4,0
4251506,100mN27936E44432,3,1949 - 1978,12,0
4251507,100mN27936E44432,7,1996 - 2000,3,0
4251529,100mN27936E44433,3,1949 - 1978,3,0
4251530,100mN27936E44433,8,2001 - 2004,8,0
4251548,100mN27936E44434,3,1949 - 1978,7,0
4251549,100mN27936E44434,4,1979 - 1986,6,0
4251550,100mN27936E44434,8,2001 - 2004,6,0
4251584,100mN27936E44435,3,1949 - 1978,9,0
4251585,100mN27936E44435,6,1991 - 1995,5,0
4251586,100mN27936E44435,7,1996 - 2000,4,0
4251615,100mN27936E44436,3,1949 - 1978,10,0
4251616,100mN27936E44436,4,1979 - 1986,6,0
4251641,100mN27936E44437,3,1949 - 1978,25,1
4251642,100mN27936E44437,4,1979 - 1986,7,0
4251666,100mN27936E44438,3,1949 - 1978,30,1
4251667,100mN27936E44438,4,1979 - 1986,6,0
4251693,100mN27936E44439,3,1949 - 1978,88,1
4251694,100mN27936E44439,6,1991 - 1995,3,0
4251734,100mN27936E44440,10,2009 und später,4,0
4257260,100mN27937E44408,3,1949 - 1978,9,0
4257282,100mN27937E44409,3,1949 - 1978,41,0
4257283,100mN27937E44409,8,2001 - 2004,5,0
4257323,100mN27937E44410,3,1949 - 1978,6,0
4257324,100mN27937E44410,8,2001 - 2004,7,1
4257348,100mN27937E44431,2,1919 - 1948,3,0
4257349,100mN27937E44431,3,1949 - 1978,14,0
4257350,100mN27937E44431,4,1979 - 1986,5,0
4257351,100mN27937E44431,6,1991 - 1995,3,0
4257380,100mN27937E44432,3,1949 - 1978,10,0
4257381,100mN27937E44432,5,1987 - 1990,3,0
4257382,100mN27937E44432,7,1996 - 2000,10,0
4257414,100mN27937E44433,3,1949 - 1978,3,0
4257415,100mN27937E44433,6,1991 - 1995,7,0
4257416,100mN27937E44433,7,1996 - 2000,32,1
4257453,100mN27937E44434,3,1949 - 1978,22,0
4257480,100mN27937E44435,3,1949 - 1978,7,0
4257481,100mN27937E44435,5,1987 - 1990,6,0
4257482,100mN27937E44435,6,1991 - 1995,3,0
4257483,100mN27937E44435,7,1996 - 2000,5,0
4257514,100mN27937E44436,3,1949 - 1978,11,0
4257515,100mN27937E44436,4,1979 - 1986,3,0
4257516,100mN27937E44436,6,1991 - 1995,4,0
4257517,100mN27937E44436,7,1996 - 2000,18,0
4257559,100mN27937E44437,3,1949 - 1978,6,0
4257560,100mN27937E44437,4,1979 - 1986,20,1
4257584,100mN27937E44438,4,1979 - 1986,20,0
4257606,100mN27937E44439,3,1949 - 1978,46,1
4257628,100mN27937E44440,9,2005 - 2008,15,1
4257629,100mN27937E44440,10,2009 und später,23,1
4257660,100mN27937E44441,7,1996 - 2000,9,0
4263642,100mN27938E44405,3,1949 - 1978,4,0
4263654,100mN27938E44406,3,1949 - 1978,4,0
4263655,100mN27938E44406,8,2001 - 2004,3,0
4263672,100mN27938E44407,3,1949 - 1978,48,0
4263696,100mN27938E44408,3,1949 - 1978,48,0
4263697,100mN27938E44408,7,1996 - 2000,7,0
4263737,100mN27938E44409,3,1949 - 1978,67,0
4263770,100mN27938E44431,3,1949 - 1978,9,0
4263771,100mN27938E44431,4,1979 - 1986,6,0
4263772,100mN27938E44431,5,1987 - 1990,4,0
4263801,100mN27938E44432,3,1949 - 1978,21,0
4263802,100mN27938E44432,4,1979 - 1986,5,0
4263803,100mN27938E44432,7,1996 - 2000,4,0
4263834,100mN27938E44433,3,1949 - 1978,20,0
4263867,100mN27938E44434,2,1919 - 1948,3,0
4263868,100mN27938E44434,3,1949 - 1978,4,0
4263869,100mN27938E44434,4,1979 - 1986,4,0
4263870,100mN27938E44434,6,1991 - 1995,12,0
4263902,100mN27938E44435,3,1949 - 1978,15,0
4263903,100mN27938E44435,4,1979 - 1986,3,0
4263904,100mN27938E44435,6,1991 - 1995,4,0
4263905,100mN27938E44435,7,1996 - 2000,3,0
4263906,100mN27938E44435,8,2001 - 2004,3,0
4263937,100mN27938E44436,3,1949 - 1978,26,0
4263938,100mN27938E44436,6,1991 - 1995,12,0
4263939,100mN27938E44436,7,1996 - 2000,3,0
4263971,100mN27938E44439,10,2009 und später,34,1
4263994,100mN27938E44440,9,2005 - 2008,21,1
4263995,100mN27938E44440,10,2009 und später,13,1
4264024,100mN27938E44441,3,1949 - 1978,3,0
4264025,100mN27938E44441,7,1996 - 2000,6,0
4264026,100mN27938E44441,9,2005 - 2008,5,0
4264027,100mN27938E44441,10,2009 und später,3,0
4264053,100mN27938E44442,3,1949 - 1978,3,0
4270528,100mN27939E44403,3,1949 - 1978,3,0
4270535,100mN27939E44405,3,1949 - 1978,12,0
4270536,100mN27939E44405,4,1979 - 1986,3,0
4270537,100mN27939E44405,10,2009 und später,3,0
4270564,100mN27939E44406,3,1949 - 1978,15,0
4270565,100mN27939E44406,6,1991 - 1995,4,0
4270598,100mN27939E44407,3,1949 - 1978,29,0
4270599,100mN27939E44407,4,1979 - 1986,3,0
4270628,100mN27939E44408,3,1949 - 1978,52,1
4270659,100mN27939E44409,3,1949 - 1978,13,0
4270675,100mN27939E44419,4,1979 - 1986,3,0
4270686,100mN27939E44431,3,1949 - 1978,11,0
4270687,100mN27939E44431,4,1979 - 1986,5,0
4270688,100mN27939E44431,7,1996 - 2000,6,0
4270713,100mN27939E44432,3,1949 - 1978,22,0
4270714,100mN27939E44432,4,1979 - 1986,4,0
4270715,100mN27939E44432,6,1991 - 1995,3,0
4270716,100mN27939E44432,7,1996 - 2000,3,0
4270750,100mN27939E44433,3,1949 - 1978,31,0
4270751,100mN27939E44433,4,1979 - 1986,3,0
4270785,100mN27939E44434,3,1949 - 1978,17,0
4270786,100mN27939E44434,7,1996 - 2000,3,0
4270787,100mN27939E44434,8,2001 - 2004,3,0
4270788,100mN27939E44434,10,2009 und später,8,1
4270821,100mN27939E44435,3,1949 - 1978,7,0
4270822,100mN27939E44435,10,2009 und später,11,0
4270849,100mN27939E44436,3,1949 - 1978,14,0
4270850,100mN27939E44436,5,1987 - 1990,8,0
4270851,100mN27939E44436,6,1991 - 1995,8,0
4270852,100mN27939E44436,7,1996 - 2000,3,0
4270890,100mN27939E44437,3,1949 - 1978,10,0
4270891,100mN27939E44437,4,1979 - 1986,12,0
4270913,100mN27939E44439,8,2001 - 2004,39,1
4270914,100mN27939E44439,9,2005 - 2008,5,0
4270915,100mN27939E44439,10,2009 und später,12,0
4270947,100mN27939E44440,3,1949 - 1978,30,0
4270948,100mN27939E44440,4,1979 - 1986,3,0
4270949,100mN27939E44440,7,1996 - 2000,3,0
4270950,100mN27939E44440,9,2005 - 2008,8,0
4270984,100mN27939E44441,3,1949 - 1978,3,0
4270985,100mN27939E44441,6,1991 - 1995,3,0
4271001,100mN27939E44444,4,1979 - 1986,4,0
4277301,100mN27940E44403,3,1949 - 1978,31,0
4277302,100mN27940E44403,4,1979 - 1986,3,0
4277336,100mN27940E44404,3,1949 - 1978,56,0
4277370,100mN27940E44405,3,1949 - 1978,8,0
4277371,100mN27940E44405,4,1979 - 1986,3,0
4277372,100mN27940E44405,7,1996 - 2000,3,0
4277397,100mN27940E44406,3,1949 - 1978,7,0
4277398,100mN27940E44406,5,1987 - 1990,4,0
4277399,100mN27940E44406,6,1991 - 1995,9,0
4277400,100mN27940E44406,7,1996 - 2000,3,0
4277431,100mN27940E44407,3,1949 - 1978,4,0
4277432,100mN27940E44407,4,1979 - 1986,4,0
4277433,100mN27940E44407,6,1991 - 1995,10,1
4277468,100mN27940E44414,6,1991 - 1995,4,0
4277484,100mN27940E44417,3,1949 - 1978,24,0
4277500,100mN27940E44420,3,1949 - 1978,3,0
4277511,100mN27940E44421,3,1949 - 1978,3,0
4277521,100mN27940E44432,3,1949 - 1978,13,0
4277522,100mN27940E44432,4,1979 - 1986,3,0
4277548,100mN27940E44433,3,1949 - 1978,8,0
4277549,100mN27940E44433,4,1979 - 1986,7,0
4277573,100mN27940E44434,3,1949 - 1978,20,0
4277574,100mN27940E44434,4,1979 - 1986,3,0
4277607,100mN27940E44435,3,1949 - 1978,3,0
4277608,100mN27940E44435,7,1996 - 2000,6,0
4277630,100mN27940E44436,3,1949 - 1978,8,0
4277631,100mN27940E44436,7,1996 - 2000,12,0
4277632,100mN27940E44436,8,2001 - 2004,6,0
4277680,100mN27940E44438,3,1949 - 1978,34,0
4277703,100mN27940E44439,3,1949 - 1978,27,0
4277704,100mN27940E44439,4,1979 - 1986,15,0
4277724,100mN27940E44440,3,1949 - 1978,7,0
4277725,100mN27940E44440,4,1979 - 1986,5,0
4277726,100mN27940E44440,9,2005 - 2008,3,0
4283640,100mN27941E44403,3,1949 - 1978,7,0
4283641,100mN27941E44403,7,1996 - 2000,3,0
4283661,100mN27941E44404,3,1949 - 1978,4,0
4283662,100mN27941E44404,7,1996 - 2000,3,0
4283688,100mN27941E44405,7,1996 - 2000,28,2
4283689,100mN27941E44405,8,2001 - 2004,4,0
4283731,100mN27941E44406,5,1987 - 1990,7,0
4283732,100mN27941E44406,6,1991 - 1995,7,0
4283733,100mN27941E44406,7,1996 - 2000,19,1
4283734,100mN27941E44406,9,2005 - 2008,5,1
4283735,100mN27941E44406,10,2009 und später,5,0
4283781,100mN27941E44407,6,1991 - 1995,7,0
4283782,100mN27941E44407,9,2005 - 2008,5,0
4283783,100mN27941E44407,10,2009 und später,22,1
4283822,100mN27941E44408,7,1996 - 2000,3,0
4283823,100mN27941E44408,9,2005 - 2008,3,0
4283839,100mN27941E44430,3,1949 - 1978,3,0
4283850,100mN27941E44435,3,1949 - 1978,6,0
4283851,100mN27941E44435,6,1991 - 1995,3,0
4283852,100mN27941E44435,9,2005 - 2008,3,0
4283875,100mN27941E44436,1,Vor 1919,3,0
4283876,100mN27941E44436,3,1949 - 1978,19,0
4283877,100mN27941E44436,4,1979 - 1986,4,0
4283878,100mN27941E44436,6,1991 - 1995,11,0
4283879,100mN27941E44436,7,1996 - 2000,10,0
4283880,100mN27941E44436,8,2001 - 2004,3,0
4283881,100mN27941E44436,9,2005 - 2008,6,0
4283918,100mN27941E44437,3,1949 - 1978,3,0
4283919,100mN27941E44437,6,1991 - 1995,8,0
4283943,100mN27941E44438,2,1919 - 1948,3,0
4283944,100mN27941E44438,3,1949 - 1978,28,0
4283973,100mN27941E44439,2,1919 - 1948,3,0
4283974,100mN27941E44439,3,1949 - 1978,18,0
4283975,100mN27941E44439,8,2001 - 2004,12,1
4284014,100mN27941E44440,3,1949 - 1978,5,0
4284015,100mN27941E44440,4,1979 - 1986,4,0
4284016,100mN27941E44440,5,1987 - 1990,3,0
4284017,100mN27941E44440,8,2001 - 2004,7,0
4289418,100mN27942E44407,7,1996 - 2000,5,0
4289419,100mN27942E44407,9,2005 - 2008,6,1
4289420,100mN27942E44407,10,2009 und später,3,0
4289464,100mN27942E44418,3,1949 - 1978,5,0
4289492,100mN27942E44428,3,1949 - 1978,17,0
4289493,100mN27942E44428,7,1996 - 2000,4,0
4289494,100mN27942E44428,8,2001 - 2004,5,0
4289495,100mN27942E44428,9,2005 - 2008,4,0
4289496,100mN27942E44428,10,2009 und später,3,0
4289527,100mN27942E44429,3,1949 - 1978,13,0
4289528,100mN27942E44429,8,2001 - 2004,3,0
4289529,100mN27942E44429,9,2005 - 2008,8,0
4289564,100mN27942E44430,3,1949 - 1978,14,0
4289565,100mN27942E44430,6,1991 - 1995,4,0
4289593,100mN27942E44431,6,1991 - 1995,3,0
4289594,100mN27942E44431,8,2001 - 2004,3,0
4289595,100mN27942E44431,9,2005 - 2008,23,0
4289618,100mN27942E44432,6,1991 - 1995,5,0
4289633,100mN27942E44433,3,1949 - 1978,32,1
4289634,100mN27942E44433,7,1996 - 2000,6,0
4289666,100mN27942E44434,3,1949 - 1978,68,1
4289667,100mN27942E44434,7,1996 - 2000,18,1
4289701,100mN27942E44435,3,1949 - 1978,22,1
4289702,100mN27942E44435,5,1987 - 1990,3,0
4289703,100mN27942E44435,7,1996 - 2000,14,1
4289704,100mN27942E44435,8,2001 - 2004,3,0
4289742,100mN27942E44436,1,Vor 1919,3,0
4289743,100mN27942E44436,3,1949 - 1978,9,0
4289744,100mN27942E44436,4,1979 - 1986,17,0
4289745,100mN27942E44436,5,1987 - 1990,4,0
4289746,100mN27942E44436,6,1991 - 1995,3,0
4289747,100mN27942E44436,7,1996 - 2000,7,0
4289784,100mN27942E44437,3,1949 - 1978,10,0
4289785,100mN27942E44437,4,1979 - 1986,3,0
4289786,100mN27942E44437,6,1991 - 1995,8,0
4289819,100mN27942E44438,3,1949 - 1978,3,0
4289820,100mN27942E44438,4,1979 - 1986,3,0
4289837,100mN27942E44439,3,1949 - 1978,23,0
4289838,100mN27942E44439,5,1987 - 1990,4,0
4289868,100mN27942E44440,3,1949 - 1978,3,0
4289869,100mN27942E44440,7,1996 - 2000,5,0
4289891,100mN27942E44441,3,1949 - 1978,3,0
4295456,100mN27943E44404,3,1949 - 1978,3,0
4295464,100mN27943E44414,7,1996 - 2000,3,0
4295476,100mN27943E44427,3,1949 - 1978,8,0
4295477,100mN27943E44427,7,1996 - 2000,23,0
4295509,100mN27943E44428,3,1949 - 1978,9,0
4295510,100mN27943E44428,4,1979 - 1986,4,0
4295511,100mN27943E44428,7,1996 - 2000,3,0
4295542,100mN27943E44429,2,1919 - 1948,3,0
4295543,100mN27943E44429,3,1949 - 1978,13,0
4295544,100mN27943E44429,4,1979 - 1986,3,0
4295545,100mN27943E44429,8,2001 - 2004,3,0
4295584,100mN27943E44433,3,1949 - 1978,36,0
4295585,100mN27943E44433,7,1996 - 2000,4,0
4295606,100mN27943E44434,3,1949 - 1978,18,0
4295607,100mN27943E44434,6,1991 - 1995,8,0
4295608,100mN27943E44434,7,1996 - 2000,5,0
4295644,100mN27943E44436,3,1949 - 1978,14,1
4295645,100mN27943E44436,4,1979 - 1986,41,1
4295678,100mN27943E44437,1,Vor 1919,3,0
4295679,100mN27943E44437,3,1949 - 1978,4,0
4295692,100mN27943E44438,1,Vor 1919,3,0
4295693,100mN27943E44438,3,1949 - 1978,3,0
4295709,100mN27943E44439,7,1996 - 2000,9,0
4295731,100mN27943E44440,7,1996 - 2000,20,0
4301052,100mN27944E44433,3,1949 - 1978,72,0
4301066,100mN27944E44434,3,1949 - 1978,18,0
4301067,100mN27944E44434,5,1987 - 1990,5,0
4301068,100mN27944E44434,6,1991 - 1995,29,0
4301101,100mN27944E44435,6,1991 - 1995,40,1
4301126,100mN27944E44436,3,1949 - 1978,14,0
4301127,100mN27944E44436,4,1979 - 1986,35,1
4301128,100mN27944E44436,7,1996 - 2000,5,0
4301158,100mN27944E44437,4,1979 - 1986,39,1
4301195,100mN27944E44438,3,1949 - 1978,5,0
4301196,100mN27944E44438,4,1979 - 1986,3,0
4301217,100mN27944E44439,1,Vor 1919,3,0
4301218,100mN27944E44439,3,1949 - 1978,4,0
4301236,100mN27944E44440,4,1979 - 1986,15,1
4301259,100mN27944E44441,4,1979 - 1986,5,0
4301260,100mN27944E44441,5,1987 - 1990,3,0
4301280,100mN27944E44442,6,1991 - 1995,14,0
4301281,100mN27944E44442,7,1996 - 2000,11,0
4301316,100mN27944E44443,6,1991 - 1995,3,1
4301317,100mN27944E44443,7,1996 - 2000,11,0
4307053,100mN27945E44411,4,1979 - 1986,3,0
4307063,100mN27945E44412,4,1979 - 1986,3,0
4307074,100mN27945E44413,3,1949 - 1978,4,0
4307087,100mN27945E44419,4,1979 - 1986,3,0
4307097,100mN27945E44433,3,1949 - 1978,171,0
4307122,100mN27945E44434,3,1949 - 1978,34,0
4307123,100mN27945E44434,6,1991 - 1995,27,0
4307151,100mN27945E44435,6,1991 - 1995,84,2
4307179,100mN27945E44436,3,1949 - 1978,4,0
4307180,100mN27945E44436,6,1991 - 1995,22,0
4307181,100mN27945E44436,7,1996 - 2000,85,2
4307217,100mN27945E44437,2,1919 - 1948,3,0
4307218,100mN27945E44437,3,1949 - 1978,6,0
4307219,100mN27945E44437,7,1996 - 2000,9,1
4307245,100mN27945E44438,2,1919 - 1948,3,0
4307246,100mN27945E44438,3,1949 - 1978,34,0
4307247,100mN27945E44438,4,1979 - 1986,11,0
4307279,100mN27945E44439,3,1949 - 1978,60,0
4307306,100mN27945E44440,3,1949 - 1978,8,1
4307307,100mN27945E44440,4,1979 - 1986,23,1
4307308,100mN27945E44440,5,1987 - 1990,12,0
4307345,100mN27945E44441,4,1979 - 1986,31,1
4307346,100mN27945E44441,5,1987 - 1990,6,0
4307384,100mN27945E44442,4,1979 - 1986,38,1
4307385,100mN27945E44442,6,1991 - 1995,11,0
4307426,100mN27945E44443,4,1979 - 1986,4,0
4307427,100mN27945E44443,6,1991 - 1995,26,1
4307465,100mN27945E44444,6,1991 - 1995,8,0
4307466,100mN27945E44444,7,1996 - 2000,11,0
4313448,100mN27946E44433,3,1949 - 1978,27,0
4313471,100mN27946E44434,3,1949 - 1978,34,0
4313498,100mN27946E44435,3,1949 - 1978,111,0
4313531,100mN27946E44436,3,1949 - 1978,33,0
4313532,100mN27946E44436,4,1979 - 1986,4,0
4313553,100mN27946E44437,1,Vor 1919,3,0
4313554,100mN27946E44437,2,1919 - 1948,3,0
4313555,100mN27946E44437,3,1949 - 1978,5,0
4313556,100mN27946E44437,9,2005 - 2008,3,0
4313578,100mN27946E44438,3,1949 - 1978,57,1
4313579,100mN27946E44438,9,2005 - 2008,3,0
4313613,100mN27946E44439,3,1949 - 1978,75,0
4313635,100mN27946E44440,3,1949 - 1978,4,0
4313636,100mN27946E44440,4,1979 - 1986,13,0
4313637,100mN27946E44440,5,1987 - 1990,14,0
4313666,100mN27946E44441,4,1979 - 1986,41,1
4313667,100mN27946E44441,5,1987 - 1990,3,0
4313706,100mN27946E44442,4,1979 - 1986,18,0
4313707,100mN27946E44442,5,1987 - 1990,4,0
4313708,100mN27946E44442,6,1991 - 1995,33,0
4313742,100mN27946E44443,5,1987 - 1990,3,0
4313743,100mN27946E44443,6,1991 - 1995,77,1
4313744,100mN27946E44443,7,1996 - 2000,16,0
4313785,100mN27946E44444,5,1987 - 1990,5,0
4313786,100mN27946E44444,6,1991 - 1995,18,1
4313787,100mN27946E44444,7,1996 - 2000,15,1
4313829,100mN27946E44445,6,1991 - 1995,3,0
4320049,100mN27947E44433,3,1949 - 1978,4,0
4320062,100mN27947E44434,3,1949 - 1978,20,0
4320063,100mN27947E44434,4,1979 - 1986,3,0
4320064,100mN27947E44434,7,1996 - 2000,3,0
4320095,100mN27947E44435,3,1949 - 1978,17,0
4320096,100mN27947E44435,8,2001 - 2004,4,0
4320097,100mN27947E44435,10,2009 und später,3,0
4320129,100mN27947E44436,3,1949 - 1978,17,0
4320130,100mN27947E44436,5,1987 - 1990,3,0
4320131,100mN27947E44436,6,1991 - 1995,3,0
4320160,100mN27947E44437,3,1949 - 1978,30,0
4320161,100mN27947E44437,6,1991 - 1995,3,0
4320185,100mN27947E44438,3,1949 - 1978,17,0
4320203,100mN27947E44439,3,1949 - 1978,98,0
4320222,100mN27947E44440,4,1979 - 1986,32,0
4320223,100mN27947E44440,5,1987 - 1990,11,1
4320224,100mN27947E44440,6,1991 - 1995,9,0
4320261,100mN27947E44441,4,1979 - 1986,3,0
4320262,100mN27947E44441,5,1987 - 1990,4,0
4320278,100mN27947E44442,3,1949 - 1978,3,0
4320279,100mN27947E44442,5,1987 - 1990,17,0
4320280,100mN27947E44442,6,1991 - 1995,8,0
4320281,100mN27947E44442,8,2001 - 2004,6,0
4320314,100mN27947E44443,6,1991 - 1995,6,0
4320329,100mN27947E44444,6,1991 - 1995,5,0
4326501,100mN27948E44412,4,1979 - 1986,3,0
4326513,100mN27948E44433,3,1949 - 1978,4,0
4326514,100mN27948E44433,4,1979 - 1986,7,0
4326534,100mN27948E44434,3,1949 - 1978,8,0
4326535,100mN27948E44434,4,1979 - 1986,14,1
4326536,100mN27948E44434,7,1996 - 2000,3,0
4326568,100mN27948E44435,3,1949 - 1978,16,1
4326569,100mN27948E44435,4,1979 - 1986,16,1
4326570,100mN27948E44435,5,1987 - 1990,8,0
4326603,100mN27948E44436,3,1949 - 1978,17,0
4326604,100mN27948E44436,4,1979 - 1986,5,0
4326605,100mN27948E44436,6,1991 - 1995,6,0
4326606,100mN27948E44436,7,1996 - 2000,4,0
4326644,100mN27948E44437,3,1949 - 1978,5,0
4326667,100mN27948E44438,3,1949 - 1978,8,0
4326668,100mN27948E44438,7,1996 - 2000,5,0
4326691,100mN27948E44440,4,1979 - 1986,8,0
4326692,100mN27948E44440,5,1987 - 1990,12,1
4326722,100mN27948E44441,4,1979 - 1986,4,0
4326723,100mN27948E44441,5,1987 - 1990,6,1
4326724,100mN27948E44441,6,1991 - 1995,12,0
4326762,100mN27948E44442,5,1987 - 1990,5,0
4332200,100mN27949E44437,4,1979 - 1986,6,0
4332201,100mN27949E44437,5,1987 - 1990,5,0
4332202,100mN27949E44437,6,1991 - 1995,12,0
4332203,100mN27949E44437,7,1996 - 2000,9,0
4332204,100mN27949E44437,9,2005 - 2008,5,0
4332244,100mN27949E44440,3,1949 - 1978,3,0
4332245,100mN27949E44440,4,1979 - 1986,4,0
4332246,100mN27949E44440,5,1987 - 1990,8,0
4332247,100mN27949E44440,7,1996 - 2000,4,0
4332273,100mN27949E44441,4,1979 - 1986,14,1
4332274,100mN27949E44441,5,1987 - 1990,22,1
4332315,100mN27949E44442,4,1979 - 1986,3,0
4332316,100mN27949E44442,5,1987 - 1990,29,1
4332358,100mN27949E44443,5,1987 - 1990,4,0
4332359,100mN27949E44443,6,1991 - 1995,3,0
4337447,100mN27950E44397,3,1949 - 1978,3,0
4337464,100mN27950E44437,4,1979 - 1986,3,0
4337478,100mN27950E44439,6,1991 - 1995,43,0
4337479,100mN27950E44439,8,2001 - 2004,44,1
4337480,100mN27950E44439,9,2005 - 2008,11,0
4337521,100mN27950E44440,7,1996 - 2000,9,1
4337522,100mN27950E44440,8,2001 - 2004,7,0
4337523,100mN27950E44440,9,2005 - 2008,22,1
4337565,100mN27950E44441,3,1949 - 1978,8,0
4337566,100mN27950E44441,4,1979 - 1986,4,0
4337567,100mN27950E44441,5,1987 - 1990,15,0
4337568,100mN27950E44441,6,1991 - 1995,3,0
4337569,100mN27950E44441,7,1996 - 2000,4,0
4337570,100mN27950E44441,9,2005 - 2008,5,0
4337608,100mN27950E44442,4,1979 - 1986,6,0
4337609,100mN27950E44442,5,1987 - 1990,26,2
4337610,100mN27950E44442,6,1991 - 1995,7,0
4337655,100mN27950E44443,5,1987 - 1990,11,1
4342878,100mN27951E44437,9,2005 - 2008,282,0
4342879,100mN27951E44437,10,2009 und später,251,0
4342899,100mN27951E44439,8,2001 - 2004,6,0
4342900,100mN27951E44439,9,2005 - 2008,96,0
4342929,100mN27951E44440,8,2001 - 2004,6,1
4342930,100mN27951E44440,9,2005 - 2008,22,1
4342973,100mN27951E44441,4,1979 - 1986,3,0
4342974,100mN27951E44441,5,1987 - 1990,3,0
4342975,100mN27951E44441,8,2001 - 2004,7,0
4342976,100mN27951E44441,9,2005 - 2008,6,1
4343012,100mN27951E44442,5,1987 - 1990,5,0
4343035,100mN27951E44443,4,1979 - 1986,3,0
4348601,100mN27952E44441,9,2005 - 2008,84,0
4360397,100mN27954E44448,4,1979 - 1986,5,0
4360412,100mN27954E44451,9,2005 - 2008,93,0
4379312,100mN27957E44448,9,2005 - 2008,56,0
4416834,100mN27962E44452,7,1996 - 2000,3,0
4416846,100mN27962E44454,9,2005 - 2008,107,0
4430220,100mN27964E44449,9,2005 - 2008,56,0
